Mechanism_Removed,F1_Sch,F2_RR,F3_Lun,F4_Rast,F5_Shub,F6_Ack,F7_Hyb,F8_Comp,Mean_Degradation
w/o Gamme Diff Update (GDU),98.78,6.87,4.79,-31.49,0.00,111.31,194.76,73.54,57.32
w/o Adaptive Param Memory (APM),87.32,6.41,3.05,-18.90,0.00,111.30,286.04,30.21,63.18
w/o Gumii Eigenspace Exploration (GEE),1.32,3.29,3.55,-0.90,-0.00,14.67,-32.45,-2.29,-1.60
w/o Butta Ceremony,-14.35,-10.07,2.52,12.00,0.00,161.54,-11.81,4.97,18.10
w/o Yuba Archive,-2.59,-0.83,-4.62,-4.51,-0.00,83.91,514.17,-3.39,72.77
w/o Siinqee Recovery,0.00,0.00,0.00,0.00,0.00,28.07,21.55,0.00,6.20
w/o Ally Sharing,-5.65,0.17,3.81,8.93,0.00,51.50,45.07,-4.97,12.36
w/o NLPSR (fixed K=5),-36.01,-2.68,-1.60,-35.90,-0.00,-76.29,-74.83,-51.18,-34.81
w/o G5 Covariance Refinement,-3.29,37.63,20.43,26.20,0.00,4.84,85.21,13.37,23.05
