Image,K,Metric,GOA,PSO,GWO,WOA,DE,RIME,MVO,TLBO,SO,SHO,SCSO,SLO,CCO
Brain MRI,K=3,Entropy(mean),6.6399,6.6399,6.6399,6.6399,6.6399,6.6399,6.6399,6.6399,6.6399,6.6399,6.6399,6.6379,6.6399
,,Entropy(std),0.0000,0.0000,0.0000,0.0000,0.0000,0.0000,0.0000,0.0000,0.0000,0.0000,0.0000,0.0045,0.0000
,,PSNR(mean),7.8598,7.8598,7.8598,7.8598,7.8598,7.8598,7.8598,7.8598,7.8598,7.8598,7.8566,7.8617,7.8598
,,SSIM(mean),0.6640,0.6640,0.6640,0.6640,0.6640,0.6640,0.6640,0.6640,0.6640,0.6640,0.6639,0.6642,0.6640
Brain MRI,K=5,Entropy(mean),11.0518,11.0517,11.0515,11.0512,11.0514,11.0518,10.9832,11.0518,11.0518,11.0338,11.0344,11.0491,11.0517
,,Entropy(std),0.0000,0.0003,0.0009,0.0030,0.0009,0.0000,0.3758,0.0000,0.0000,0.0076,0.0495,0.0050,0.0006
,,PSNR(mean),8.8459,8.8382,8.8401,8.8459,8.8387,8.8459,8.9494,8.8435,8.8459,8.7669,8.7919,8.8074,8.8392
,,SSIM(mean),0.7004,0.7003,0.7002,0.7004,0.7002,0.7004,0.7019,0.7003,0.7004,0.6986,0.6993,0.6994,0.7002
Brain MRI,K=7,Entropy(mean),14.7044,14.2815,14.6986,14.7042,14.6358,14.7089,14.3503,14.6998,14.6967,14.6196,14.2544,14.6737,14.6854
,,Entropy(std),0.0088,0.7691,0.0177,0.0055,0.0212,0.0019,0.7290,0.0084,0.0528,0.0270,0.7602,0.0290,0.0124
,,PSNR(mean),9.6029,10.0119,9.5632,9.5488,9.6048,9.5524,9.9239,9.5801,9.5421,9.7028,10.0137,9.5756,9.6185
,,SSIM(mean),0.7169,0.7254,0.7167,0.7165,0.7170,0.7166,0.7240,0.7167,0.7165,0.7178,0.7256,0.7165,0.7172
Brain MRI,K=10,Entropy(mean),19.4027,18.3881,19.4381,19.3446,19.1654,19.4729,18.4645,19.3841,16.7063,19.1061,17.7608,19.0718,19.3644
,,Entropy(std),0.2721,1.0570,0.0615,0.1154,0.0820,0.0106,1.0006,0.0583,1.3865,0.1082,1.1411,0.3892,0.0323
,,PSNR(mean),10.3488,11.4388,10.3261,10.1515,10.2857,10.2837,11.3553,10.2736,13.2287,10.4250,11.4171,10.0905,10.2680
,,SSIM(mean),0.7281,0.7499,0.7274,0.7262,0.7268,0.7270,0.7486,0.7270,0.7885,0.7272,0.7558,0.7278,0.7266
Spinal X-ray,K=3,Entropy(mean),7.3758,7.3758,7.3758,7.3758,7.3758,7.3758,7.3758,7.3758,7.3758,7.3758,7.3758,7.3556,7.3758
,,Entropy(std),0.0000,0.0000,0.0000,0.0000,0.0000,0.0000,0.0000,0.0000,0.0000,0.0000,0.0000,0.1028,0.0000
,,PSNR(mean),16.7234,16.7234,16.7234,16.7234,16.7234,16.7234,16.7234,16.7234,16.7234,16.7234,16.7234,16.2746,16.7234
,,SSIM(mean),0.5104,0.5104,0.5104,0.5104,0.5104,0.5104,0.5104,0.5104,0.5104,0.5104,0.5104,0.5121,0.5104
Spinal X-ray,K=5,Entropy(mean),11.1551,10.9442,11.1540,11.1551,11.1290,11.1551,11.0135,11.1551,11.0928,11.0162,10.6211,11.0566,11.1541
,,Entropy(std),0.0000,0.6436,0.0061,0.0000,0.0259,0.0000,0.5349,0.0000,0.1618,0.0553,0.7615,0.1394,0.0038
,,PSNR(mean),10.1930,10.2139,10.1916,10.1930,10.2424,10.1930,10.2090,10.1930,9.7742,10.3033,10.3843,10.1668,10.1930
,,SSIM(mean),0.6127,0.6134,0.6127,0.6127,0.6135,0.6127,0.6131,0.6127,0.6056,0.6138,0.6085,0.6106,0.6127
Spinal X-ray,K=7,Entropy(mean),14.2330,13.3648,14.2481,14.0601,14.0246,14.2856,13.2020,14.2789,13.9306,13.9823,13.0938,13.9474,14.2237
,,Entropy(std),0.2770,1.0447,0.0840,0.2407,0.0808,0.0005,0.9217,0.0119,0.7817,0.0852,0.9905,0.1883,0.0350
,,PSNR(mean),10.6802,11.3487,10.6133,9.7243,10.2594,10.7324,11.6054,10.6467,10.8828,9.9122,11.1027,9.1918,10.5285
,,SSIM(mean),0.6088,0.6252,0.6085,0.5781,0.6002,0.6106,0.6298,0.6080,0.6133,0.5949,0.6122,0.5738,0.6075
Spinal X-ray,K=10,Entropy(mean),17.7294,16.2086,17.8197,17.6187,17.3206,17.8880,16.1199,17.8068,14.8505,17.3571,15.4325,17.2810,17.6504
,,Entropy(std),0.3061,1.1194,0.1118,0.3277,0.1638,0.0218,1.1252,0.0613,1.1197,0.1456,1.6123,0.5123,0.0607
,,PSNR(mean),10.1601,12.4000,9.5223,9.0689,9.7346,9.4947,12.2777,9.8848,13.9239,10.2177,12.3503,8.9494,9.8161
,,SSIM(mean),0.5938,0.6398,0.5744,0.5364,0.5539,0.5691,0.6362,0.5892,0.6592,0.5893,0.6346,0.5458,0.5779
Histology H&E,K=3,Entropy(mean),11.7458,11.7458,11.7458,11.7458,11.7458,11.7458,11.7458,11.7458,11.7439,11.7450,11.7432,11.7434,11.7458
,,Entropy(std),0.0000,0.0000,0.0000,0.0000,0.0000,0.0000,0.0000,0.0000,0.0086,0.0012,0.0091,0.0067,0.0000
,,PSNR(mean),16.1801,16.1801,16.1801,16.1801,16.1801,16.1801,16.1801,16.1801,16.1217,16.1376,16.1332,16.1699,16.1801
,,SSIM(mean),0.4515,0.4515,0.4515,0.4515,0.4515,0.4515,0.4515,0.4515,0.4516,0.4518,0.4517,0.4519,0.4515
Histology H&E,K=5,Entropy(mean),17.6469,17.6479,17.6413,17.6475,17.6152,17.6472,17.6408,17.6452,17.6380,17.5610,17.6187,17.6110,17.6390
,,Entropy(std),0.0028,0.0016,0.0142,0.0020,0.0109,0.0030,0.0100,0.0046,0.0099,0.0276,0.0195,0.0225,0.0072
,,PSNR(mean),19.8819,19.9844,19.9499,19.9713,19.6390,19.9547,19.8227,19.7834,19.7293,18.8252,19.5221,19.1638,19.8577
,,SSIM(mean),0.6500,0.6514,0.6504,0.6509,0.6483,0.6511,0.6493,0.6501,0.6483,0.6417,0.6455,0.6428,0.6502
Histology H&E,K=7,Entropy(mean),22.6785,22.6831,22.6436,22.6741,22.4704,22.6812,22.6675,22.6574,22.6796,22.4460,22.5445,22.5866,22.6220
,,Entropy(std),0.0127,0.0129,0.0722,0.0157,0.0627,0.0142,0.0204,0.0224,0.0132,0.0819,0.1403,0.0674,0.0180
,,PSNR(mean),23.1929,22.6470,23.2167,23.4520,21.9760,23.2117,23.2164,22.7820,22.2520,21.6351,21.0231,21.3947,23.2378
,,SSIM(mean),0.7614,0.7608,0.7594,0.7608,0.7507,0.7608,0.7609,0.7610,0.7603,0.7483,0.7459,0.7535,0.7594
Histology H&E,K=10,Entropy(mean),29.1262,29.1493,28.9725,29.1174,28.5541,29.1291,29.1202,28.9548,29.1242,28.3934,28.8048,28.8396,28.9392
,,Entropy(std),0.0288,0.0290,0.1697,0.0466,0.1246,0.0405,0.0336,0.1091,0.0581,0.1729,0.2585,0.1859,0.0522
,,PSNR(mean),24.1453,24.6647,24.4597,24.5985,23.6190,24.5799,25.1244,24.5120,24.2535,21.8351,22.6919,23.2602,24.6918
,,SSIM(mean),0.8537,0.8526,0.8493,0.8526,0.8334,0.8530,0.8534,0.8463,0.8502,0.8205,0.8278,0.8339,0.8484
Fluorescence Microscopy,K=3,Entropy(mean),12.1697,12.1697,12.1696,12.1697,12.1697,12.1697,12.1697,12.1697,12.1697,12.1694,12.1696,12.1691,12.1697
,,Entropy(std),0.0000,0.0000,0.0003,0.0000,0.0000,0.0000,0.0000,0.0000,0.0000,0.0004,0.0002,0.0009,0.0000
,,PSNR(mean),10.7331,10.7331,10.7331,10.7331,10.7331,10.7331,10.7331,10.7331,10.7331,10.7304,10.7327,10.7331,10.7331
,,SSIM(mean),0.0353,0.0353,0.0353,0.0353,0.0353,0.0353,0.0353,0.0353,0.0353,0.0351,0.0352,0.0352,0.0353
Fluorescence Microscopy,K=5,Entropy(mean),18.4091,18.4093,18.3998,18.4092,18.3813,18.4092,18.3951,18.4092,18.4086,18.3056,18.2783,18.3707,18.4072
,,Entropy(std),0.0011,0.0000,0.0202,0.0001,0.0224,0.0000,0.0737,0.0000,0.0020,0.0538,0.1798,0.0556,0.0031
,,PSNR(mean),23.2255,23.2226,23.2168,23.2244,23.1950,23.2242,22.8050,23.2231,23.2199,23.1701,20.8086,23.1683,23.2176
,,SSIM(mean),0.8361,0.8365,0.8361,0.8362,0.8358,0.8360,0.8094,0.8364,0.8363,0.8346,0.6973,0.8351,0.8363
Fluorescence Microscopy,K=7,Entropy(mean),23.8396,23.8371,23.8170,23.8211,23.6058,23.8401,23.8334,23.8238,23.8186,23.4921,23.6913,23.6924,23.7819
,,Entropy(std),0.0010,0.0167,0.0645,0.0381,0.0818,0.0002,0.0238,0.0223,0.0399,0.1202,0.1460,0.1191,0.0231
,,PSNR(mean),22.7145,22.4993,22.5650,21.7059,22.3261,22.7220,22.3519,22.6890,21.4739,21.0281,21.0814,21.2332,22.6727
,,SSIM(mean),0.7343,0.7349,0.7344,0.7378,0.7350,0.7342,0.7358,0.7349,0.7386,0.7343,0.7227,0.7409,0.7362
Fluorescence Microscopy,K=10,Entropy(mean),30.8719,30.8814,30.7997,30.8278,30.2532,30.8746,30.8737,30.7265,30.8440,30.1039,30.6135,30.5433,30.6999
,,Entropy(std),0.0120,0.0123,0.1544,0.0938,0.1592,0.0359,0.0562,0.0922,0.1190,0.2143,0.2697,0.2838,0.0610
,,PSNR(mean),19.1421,19.5016,19.8506,21.2763,20.4181,19.7212,19.2483,19.7937,19.9840,19.3935,19.9462,20.9555,19.3789
,,SSIM(mean),0.6773,0.6806,0.6819,0.7086,0.6916,0.6812,0.6793,0.6822,0.6887,0.6777,0.6907,0.6991,0.6764
Tissue Microscopy,K=3,Entropy(mean),12.7589,12.7589,12.7589,12.7589,12.7589,12.7589,12.7589,12.7589,12.7589,12.7589,12.7588,12.7588,12.7589
,,Entropy(std),0.0000,0.0000,0.0000,0.0000,0.0000,0.0000,0.0000,0.0000,0.0000,0.0000,0.0002,0.0001,0.0000
,,PSNR(mean),15.9187,15.9187,15.9187,15.9187,15.9187,15.9187,15.9187,15.9187,15.9187,15.9286,15.9148,15.9182,15.9187
,,SSIM(mean),0.6813,0.6813,0.6813,0.6813,0.6813,0.6813,0.6813,0.6813,0.6813,0.6816,0.6812,0.6813,0.6813
Tissue Microscopy,K=5,Entropy(mean),19.2204,19.2204,19.2201,19.2204,19.2169,19.2204,19.2204,19.2203,19.2204,19.1992,19.2195,19.2174,19.2195
,,Entropy(std),0.0000,0.0000,0.0011,0.0000,0.0031,0.0000,0.0000,0.0005,0.0000,0.0114,0.0019,0.0040,0.0007
,,PSNR(mean),21.7417,21.7417,21.7231,21.7417,21.5826,21.7417,21.7417,21.7035,21.7417,21.5437,21.7355,21.5069,21.7229
,,SSIM(mean),0.8681,0.8681,0.8680,0.8681,0.8666,0.8681,0.8681,0.8676,0.8681,0.8651,0.8680,0.8662,0.8678
Tissue Microscopy,K=7,Entropy(mean),24.9099,24.9102,24.8947,24.9097,24.7978,24.9097,24.9101,24.9011,24.9103,24.7505,24.8964,24.8897,24.8900
,,Entropy(std),0.0005,0.0005,0.0312,0.0008,0.0443,0.0008,0.0004,0.0095,0.0000,0.0585,0.0174,0.0240,0.0093
,,PSNR(mean),24.5146,24.5682,24.3275,24.5308,23.5079,24.5315,24.5192,24.3418,24.5827,23.6466,24.1668,24.1921,24.0808
,,SSIM(mean),0.9246,0.9246,0.9232,0.9247,0.9164,0.9247,0.9244,0.9239,0.9246,0.9157,0.9227,0.9227,0.9221
Tissue Microscopy,K=10,Entropy(mean),32.3885,32.3908,32.2936,32.3820,31.8579,32.3867,32.3920,32.2205,32.3922,31.7870,32.2477,32.2388,32.2458
,,Entropy(std),0.0042,0.0034,0.1476,0.0145,0.1448,0.0086,0.0014,0.0930,0.0018,0.1505,0.1362,0.1122,0.0439
,,PSNR(mean),26.9996,26.9633,26.4062,27.1383,24.9612,27.1234,27.2695,25.2148,27.1933,23.6351,25.2265,25.6743,26.1995
,,SSIM(mean),0.9583,0.9582,0.9525,0.9587,0.9400,0.9588,0.9588,0.9488,0.9586,0.9307,0.9471,0.9500,0.9528

Friedman Rank,,,2.55,4.30,5.80,4.75,8.75,3.25,7.30,6.00,7.05,11.20,11.20,10.65,8.20
